{"cameraMode":{"drawMode":0,"name":"Shaded","section":"Shading Mode"},"sceneLighting":true,"audioPlay":false,"sceneViewState":{"showFog":false,"showMaterialUpdate":false,"showSkybox":true,"showFlares":true,"showImageEffects":true,"showParticleSystems":true},"in2DMode":false,"pivot":{"x":9.076772689819336,"y":1.3649215698242188,"z":0.6500253677368164},"rotation":{"x":0.05988812819123268,"y":0.9395695328712463,"z":-0.2542867958545685,"w":0.22128379344940186},"size":9.135795593261719,"orthographic":false}