{"cameraMode":{"drawMode":0,"name":"Shaded","section":"Shading Mode"},"sceneLighting":true,"audioPlay":false,"sceneViewState":{"showFog":false,"showMaterialUpdate":false,"showSkybox":true,"showFlares":true,"showImageEffects":true,"showParticleSystems":true},"in2DMode":false,"pivot":{"x":5.215717792510986,"y":1.2752671241760255,"z":-0.46260690689086916},"rotation":{"x":0.013070988468825817,"y":0.9564564228057861,"z":-0.2883481979370117,"w":0.04335809499025345},"size":5.2064361572265629,"orthographic":false}