{"cameraMode":{"drawMode":0,"name":"Shaded","section":"Shading Mode"},"sceneLighting":true,"audioPlay":false,"sceneViewState":{"showFog":false,"showMaterialUpdate":false,"showSkybox":true,"showFlares":true,"showImageEffects":true,"showParticleSystems":true},"in2DMode":false,"pivot":{"x":4.275245189666748,"y":1.6714601516723633,"z":-0.7469778060913086},"rotation":{"x":-0.0023233341053128244,"y":0.9636540412902832,"z":-0.26702064275741579,"w":-0.008383036591112614},"size":5.2064361572265629,"orthographic":false}