{"cameraMode":{"drawMode":0,"name":"Shaded","section":"Shading Mode"},"sceneLighting":true,"audioPlay":false,"sceneViewState":{"showFog":false,"showMaterialUpdate":false,"showSkybox":true,"showFlares":true,"showImageEffects":true,"showParticleSystems":true},"in2DMode":false,"pivot":{"x":-2.8481717109680177,"y":-2.8143060207366945,"z":-5.613963603973389},"rotation":{"x":0.04894097521901131,"y":0.9411424398422241,"z":-0.29609620571136477,"w":0.15555307269096375},"size":9.004532814025879,"orthographic":false}